,sample,caller,variant.type,category,value,aligner,bamprep,value.floor
0,bwa gatk,gatk,snp,concordant,77537,bwa,gatk,7537
1,bwa gatk,gatk,indel,concordant,4660,bwa,gatk,4660
2,bwa gatk,gatk,snp,discordant-shared-vardiff,66,bwa,gatk,66
3,bwa gatk,gatk,snp,discordant-shared-hethom,1468,bwa,gatk,1468
4,bwa gatk,gatk,snp,discordant-shared-total,1534,bwa,gatk,1534
5,bwa gatk,gatk,snp,discordant-extra-other,188,bwa,gatk,188
6,bwa gatk,gatk,snp,discordant-extra-low-coverage,38,bwa,gatk,38
7,bwa gatk,gatk,snp,discordant-extra-repeat,55,bwa,gatk,55
8,bwa gatk,gatk,snp,discordant-extra-total,281,bwa,gatk,281
9,bwa gatk,gatk,snp,discordant-missing-error-prone,2,bwa,gatk,2
10,bwa gatk,gatk,snp,discordant-missing-repeat,215,bwa,gatk,215
11,bwa gatk,gatk,snp,discordant-missing-other,392,bwa,gatk,392
12,bwa gatk,gatk,snp,discordant-missing-low-coverage,2913,bwa,gatk,2913
13,bwa gatk,gatk,snp,discordant-missing-total,3522,bwa,gatk,3522
14,bwa gatk,gatk,indel,discordant-shared-vardiff,532,bwa,gatk,532
15,bwa gatk,gatk,indel,discordant-shared-hethom,223,bwa,gatk,223
16,bwa gatk,gatk,indel,discordant-shared-total,755,bwa,gatk,755
17,bwa gatk,gatk,indel,discordant-extra-error-prone,1,bwa,gatk,1
18,bwa gatk,gatk,indel,discordant-extra-other,55,bwa,gatk,55
19,bwa gatk,gatk,indel,discordant-extra-low-coverage,4,bwa,gatk,4
20,bwa gatk,gatk,indel,discordant-extra-repeat,48,bwa,gatk,48
21,bwa gatk,gatk,indel,discordant-extra-total,108,bwa,gatk,108
22,bwa gatk,gatk,indel,discordant-missing-error-prone,7,bwa,gatk,7
23,bwa gatk,gatk,indel,discordant-missing-repeat,340,bwa,gatk,340
24,bwa gatk,gatk,indel,discordant-missing-other,495,bwa,gatk,495
25,bwa gatk,gatk,indel,discordant-missing-low-coverage,1396,bwa,gatk,1396
26,bwa gatk,gatk,indel,discordant-missing-total,2238,bwa,gatk,2238
27,bwa gatk,freebayes,snp,concordant,78468,bwa,gatk,8468
28,bwa gatk,freebayes,indel,concordant,5545,bwa,gatk,5545
29,bwa gatk,freebayes,snp,discordant-shared-vardiff,76,bwa,gatk,76
30,bwa gatk,freebayes,snp,discordant-shared-hethom,1743,bwa,gatk,1743
31,bwa gatk,freebayes,snp,discordant-shared-total,1819,bwa,gatk,1819
32,bwa gatk,freebayes,snp,discordant-extra-error-prone,9,bwa,gatk,9
33,bwa gatk,freebayes,snp,discordant-extra-other,260,bwa,gatk,260
34,bwa gatk,freebayes,snp,discordant-extra-low-coverage,677,bwa,gatk,677
35,bwa gatk,freebayes,snp,discordant-extra-repeat,71,bwa,gatk,71
36,bwa gatk,freebayes,snp,discordant-extra-total,1017,bwa,gatk,1017
37,bwa gatk,freebayes,snp,discordant-missing-error-prone,1,bwa,gatk,1
38,bwa gatk,freebayes,snp,discordant-missing-repeat,188,bwa,gatk,188
39,bwa gatk,freebayes,snp,discordant-missing-other,338,bwa,gatk,338
40,bwa gatk,freebayes,snp,discordant-missing-low-coverage,1789,bwa,gatk,1789
41,bwa gatk,freebayes,snp,discordant-missing-total,2316,bwa,gatk,2316
42,bwa gatk,freebayes,indel,discordant-shared-vardiff,621,bwa,gatk,621
43,bwa gatk,freebayes,indel,discordant-shared-hethom,332,bwa,gatk,332
44,bwa gatk,freebayes,indel,discordant-shared-total,953,bwa,gatk,953
45,bwa gatk,freebayes,indel,discordant-missing-error-prone,6,bwa,gatk,6
46,bwa gatk,freebayes,indel,discordant-missing-other,307,bwa,gatk,307
47,bwa gatk,freebayes,indel,discordant-missing-low-coverage,631,bwa,gatk,631
48,bwa gatk,freebayes,indel,discordant-missing-repeat,265,bwa,gatk,265
49,bwa gatk,freebayes,indel,discordant-missing-total,1209,bwa,gatk,1209
50,bwa gatk,freebayes,indel,discordant-extra-other,60,bwa,gatk,60
51,bwa gatk,freebayes,indel,discordant-extra-low-coverage,151,bwa,gatk,151
52,bwa gatk,freebayes,indel,discordant-extra-repeat,62,bwa,gatk,62
53,bwa gatk,freebayes,indel,discordant-extra-total,273,bwa,gatk,273
54,bwa gatk,gatk-haplotype,snp,concordant,72744,bwa,gatk,2744
55,bwa gatk,gatk-haplotype,indel,concordant,5546,bwa,gatk,5546
56,bwa gatk,gatk-haplotype,snp,discordant-shared-vardiff,31,bwa,gatk,31
57,bwa gatk,gatk-haplotype,snp,discordant-shared-hethom,1659,bwa,gatk,1659
58,bwa gatk,gatk-haplotype,snp,discordant-shared-total,1690,bwa,gatk,1690
59,bwa gatk,gatk-haplotype,snp,discordant-extra-other,249,bwa,gatk,249
60,bwa gatk,gatk-haplotype,snp,discordant-extra-low-coverage,18,bwa,gatk,18
61,bwa gatk,gatk-haplotype,snp,discordant-extra-repeat,35,bwa,gatk,35
62,bwa gatk,gatk-haplotype,snp,discordant-extra-total,302,bwa,gatk,302
63,bwa gatk,gatk-haplotype,snp,discordant-missing-error-prone,9,bwa,gatk,9
64,bwa gatk,gatk-haplotype,snp,discordant-missing-repeat,439,bwa,gatk,439
65,bwa gatk,gatk-haplotype,snp,discordant-missing-other,1059,bwa,gatk,1059
66,bwa gatk,gatk-haplotype,snp,discordant-missing-low-coverage,6615,bwa,gatk,6615
67,bwa gatk,gatk-haplotype,snp,discordant-missing-total,8122,bwa,gatk,8122
68,bwa gatk,gatk-haplotype,indel,discordant-shared-vardiff,595,bwa,gatk,595
69,bwa gatk,gatk-haplotype,indel,discordant-shared-hethom,214,bwa,gatk,214
70,bwa gatk,gatk-haplotype,indel,discordant-shared-total,809,bwa,gatk,809
71,bwa gatk,gatk-haplotype,indel,discordant-missing-error-prone,3,bwa,gatk,3
72,bwa gatk,gatk-haplotype,indel,discordant-missing-repeat,184,bwa,gatk,184
73,bwa gatk,gatk-haplotype,indel,discordant-missing-other,248,bwa,gatk,248
74,bwa gatk,gatk-haplotype,indel,discordant-missing-low-coverage,930,bwa,gatk,930
75,bwa gatk,gatk-haplotype,indel,discordant-missing-total,1365,bwa,gatk,1365
76,bwa gatk,gatk-haplotype,indel,discordant-extra-error-prone,3,bwa,gatk,3
77,bwa gatk,gatk-haplotype,indel,discordant-extra-other,105,bwa,gatk,105
78,bwa gatk,gatk-haplotype,indel,discordant-extra-low-coverage,51,bwa,gatk,51
79,bwa gatk,gatk-haplotype,indel,discordant-extra-repeat,88,bwa,gatk,88
80,bwa gatk,gatk-haplotype,indel,discordant-extra-total,247,bwa,gatk,247
81,novoalign gatk,gatk,snp,concordant,75997,novoalign,gatk,5997
82,novoalign gatk,gatk,indel,concordant,4504,novoalign,gatk,4504
83,novoalign gatk,gatk,snp,discordant-shared-vardiff,58,novoalign,gatk,58
84,novoalign gatk,gatk,snp,discordant-shared-hethom,1582,novoalign,gatk,1582
85,novoalign gatk,gatk,snp,discordant-shared-total,1640,novoalign,gatk,1640
86,novoalign gatk,gatk,snp,discordant-extra-other,230,novoalign,gatk,230
87,novoalign gatk,gatk,snp,discordant-extra-low-coverage,47,novoalign,gatk,47
88,novoalign gatk,gatk,snp,discordant-extra-repeat,71,novoalign,gatk,71
89,novoalign gatk,gatk,snp,discordant-extra-total,348,novoalign,gatk,348
90,novoalign gatk,gatk,snp,discordant-missing-error-prone,2,novoalign,gatk,2
91,novoalign gatk,gatk,snp,discordant-missing-repeat,208,novoalign,gatk,208
92,novoalign gatk,gatk,snp,discordant-missing-other,438,novoalign,gatk,438
93,novoalign gatk,gatk,snp,discordant-missing-low-coverage,3206,novoalign,gatk,3206
94,novoalign gatk,gatk,snp,discordant-missing-total,3854,novoalign,gatk,3854
95,novoalign gatk,gatk,indel,discordant-shared-vardiff,529,novoalign,gatk,529
96,novoalign gatk,gatk,indel,discordant-shared-hethom,207,novoalign,gatk,207
97,novoalign gatk,gatk,indel,discordant-shared-total,736,novoalign,gatk,736
98,novoalign gatk,gatk,indel,discordant-extra-error-prone,1,novoalign,gatk,1
99,novoalign gatk,gatk,indel,discordant-extra-other,47,novoalign,gatk,47
100,novoalign gatk,gatk,indel,discordant-extra-low-coverage,5,novoalign,gatk,5
101,novoalign gatk,gatk,indel,discordant-extra-repeat,30,novoalign,gatk,30
102,novoalign gatk,gatk,indel,discordant-extra-total,83,novoalign,gatk,83
103,novoalign gatk,gatk,indel,discordant-missing-error-prone,9,novoalign,gatk,9
104,novoalign gatk,gatk,indel,discordant-missing-repeat,367,novoalign,gatk,367
105,novoalign gatk,gatk,indel,discordant-missing-other,519,novoalign,gatk,519
106,novoalign gatk,gatk,indel,discordant-missing-low-coverage,1489,novoalign,gatk,1489
107,novoalign gatk,gatk,indel,discordant-missing-total,2384,novoalign,gatk,2384
108,novoalign gatk,freebayes,snp,concordant,77223,novoalign,gatk,7223
109,novoalign gatk,freebayes,indel,concordant,5386,novoalign,gatk,5386
110,novoalign gatk,freebayes,snp,discordant-shared-vardiff,66,novoalign,gatk,66
111,novoalign gatk,freebayes,snp,discordant-shared-hethom,1524,novoalign,gatk,1524
112,novoalign gatk,freebayes,snp,discordant-shared-total,1590,novoalign,gatk,1590
113,novoalign gatk,freebayes,snp,discordant-missing-error-prone,1,novoalign,gatk,1
114,novoalign gatk,freebayes,snp,discordant-missing-repeat,191,novoalign,gatk,191
115,novoalign gatk,freebayes,snp,discordant-missing-other,413,novoalign,gatk,413
116,novoalign gatk,freebayes,snp,discordant-missing-low-coverage,2081,novoalign,gatk,2081
117,novoalign gatk,freebayes,snp,discordant-missing-total,2686,novoalign,gatk,2686
118,novoalign gatk,freebayes,snp,discordant-extra-error-prone,3,novoalign,gatk,3
119,novoalign gatk,freebayes,snp,discordant-extra-other,251,novoalign,gatk,251
120,novoalign gatk,freebayes,snp,discordant-extra-low-coverage,586,novoalign,gatk,586
121,novoalign gatk,freebayes,snp,discordant-extra-repeat,86,novoalign,gatk,86
122,novoalign gatk,freebayes,snp,discordant-extra-total,926,novoalign,gatk,926
123,novoalign gatk,freebayes,indel,discordant-shared-vardiff,631,novoalign,gatk,631
124,novoalign gatk,freebayes,indel,discordant-shared-hethom,340,novoalign,gatk,340
125,novoalign gatk,freebayes,indel,discordant-shared-total,971,novoalign,gatk,971
126,novoalign gatk,freebayes,indel,discordant-missing-error-prone,7,novoalign,gatk,7
127,novoalign gatk,freebayes,indel,discordant-missing-other,325,novoalign,gatk,325
128,novoalign gatk,freebayes,indel,discordant-missing-low-coverage,701,novoalign,gatk,701
129,novoalign gatk,freebayes,indel,discordant-missing-repeat,295,novoalign,gatk,295
130,novoalign gatk,freebayes,indel,discordant-missing-total,1328,novoalign,gatk,1328
131,novoalign gatk,freebayes,indel,discordant-extra-other,60,novoalign,gatk,60
132,novoalign gatk,freebayes,indel,discordant-extra-low-coverage,113,novoalign,gatk,113
133,novoalign gatk,freebayes,indel,discordant-extra-repeat,45,novoalign,gatk,45
134,novoalign gatk,freebayes,indel,discordant-extra-total,218,novoalign,gatk,218
135,novoalign gatk,gatk-haplotype,snp,concordant,72442,novoalign,gatk,2442
136,novoalign gatk,gatk-haplotype,indel,concordant,5529,novoalign,gatk,5529
137,novoalign gatk,gatk-haplotype,snp,discordant-shared-vardiff,30,novoalign,gatk,30
138,novoalign gatk,gatk-haplotype,snp,discordant-shared-hethom,1671,novoalign,gatk,1671
139,novoalign gatk,gatk-haplotype,snp,discordant-shared-total,1701,novoalign,gatk,1701
140,novoalign gatk,gatk-haplotype,snp,discordant-extra-other,310,novoalign,gatk,310
141,novoalign gatk,gatk-haplotype,snp,discordant-extra-low-coverage,13,novoalign,gatk,13
142,novoalign gatk,gatk-haplotype,snp,discordant-extra-repeat,94,novoalign,gatk,94
143,novoalign gatk,gatk-haplotype,snp,discordant-extra-total,417,novoalign,gatk,417
144,novoalign gatk,gatk-haplotype,snp,discordant-missing-error-prone,5,novoalign,gatk,5
145,novoalign gatk,gatk-haplotype,snp,discordant-missing-other,832,novoalign,gatk,832
146,novoalign gatk,gatk-haplotype,snp,discordant-missing-low-coverage,6084,novoalign,gatk,6084
147,novoalign gatk,gatk-haplotype,snp,discordant-missing-repeat,397,novoalign,gatk,397
148,novoalign gatk,gatk-haplotype,snp,discordant-missing-total,7318,novoalign,gatk,7318
149,novoalign gatk,gatk-haplotype,indel,discordant-shared-vardiff,612,novoalign,gatk,612
150,novoalign gatk,gatk-haplotype,indel,discordant-shared-hethom,210,novoalign,gatk,210
151,novoalign gatk,gatk-haplotype,indel,discordant-shared-total,822,novoalign,gatk,822
152,novoalign gatk,gatk-haplotype,indel,discordant-extra-error-prone,4,novoalign,gatk,4
153,novoalign gatk,gatk-haplotype,indel,discordant-extra-other,100,novoalign,gatk,100
154,novoalign gatk,gatk-haplotype,indel,discordant-extra-low-coverage,63,novoalign,gatk,63
155,novoalign gatk,gatk-haplotype,indel,discordant-extra-repeat,95,novoalign,gatk,95
156,novoalign gatk,gatk-haplotype,indel,discordant-extra-total,262,novoalign,gatk,262
157,novoalign gatk,gatk-haplotype,indel,discordant-missing-error-prone,4,novoalign,gatk,4
158,novoalign gatk,gatk-haplotype,indel,discordant-missing-repeat,180,novoalign,gatk,180
159,novoalign gatk,gatk-haplotype,indel,discordant-missing-other,217,novoalign,gatk,217
160,novoalign gatk,gatk-haplotype,indel,discordant-missing-low-coverage,955,novoalign,gatk,955
161,novoalign gatk,gatk-haplotype,indel,discordant-missing-total,1356,novoalign,gatk,1356
162,novoalign gkno,gatk,snp,concordant,75594,novoalign,gkno,5594
163,novoalign gkno,gatk,indel,concordant,4679,novoalign,gkno,4679
164,novoalign gkno,gatk,snp,discordant-shared-vardiff,49,novoalign,gkno,49
165,novoalign gkno,gatk,snp,discordant-shared-hethom,1569,novoalign,gkno,1569
166,novoalign gkno,gatk,snp,discordant-shared-total,1618,novoalign,gkno,1618
167,novoalign gkno,gatk,snp,discordant-missing-error-prone,3,novoalign,gkno,3
168,novoalign gkno,gatk,snp,discordant-missing-other,1065,novoalign,gkno,1065
169,novoalign gkno,gatk,snp,discordant-missing-low-coverage,2787,novoalign,gkno,2787
170,novoalign gkno,gatk,snp,discordant-missing-repeat,411,novoalign,gkno,411
171,novoalign gkno,gatk,snp,discordant-missing-total,4266,novoalign,gkno,4266
172,novoalign gkno,gatk,snp,discordant-extra-repeat,80,novoalign,gkno,80
173,novoalign gkno,gatk,snp,discordant-extra-other,249,novoalign,gkno,249
174,novoalign gkno,gatk,snp,discordant-extra-low-coverage,92,novoalign,gkno,92
175,novoalign gkno,gatk,snp,discordant-extra-total,421,novoalign,gkno,421
176,novoalign gkno,gatk,indel,discordant-shared-vardiff,688,novoalign,gkno,688
177,novoalign gkno,gatk,indel,discordant-shared-hethom,181,novoalign,gkno,181
178,novoalign gkno,gatk,indel,discordant-shared-total,869,novoalign,gkno,869
179,novoalign gkno,gatk,indel,discordant-extra-other,148,novoalign,gkno,148
180,novoalign gkno,gatk,indel,discordant-extra-low-coverage,6,novoalign,gkno,6
181,novoalign gkno,gatk,indel,discordant-extra-repeat,85,novoalign,gkno,85
182,novoalign gkno,gatk,indel,discordant-extra-total,239,novoalign,gkno,239
183,novoalign gkno,gatk,indel,discordant-missing-error-prone,6,novoalign,gkno,6
184,novoalign gkno,gatk,indel,discordant-missing-other,432,novoalign,gkno,432
185,novoalign gkno,gatk,indel,discordant-missing-low-coverage,1434,novoalign,gkno,1434
186,novoalign gkno,gatk,indel,discordant-missing-repeat,340,novoalign,gkno,340
187,novoalign gkno,gatk,indel,discordant-missing-total,2212,novoalign,gkno,2212
188,novoalign gkno,freebayes,snp,concordant,77312,novoalign,gkno,7312
189,novoalign gkno,freebayes,indel,concordant,5540,novoalign,gkno,5540
190,novoalign gkno,freebayes,snp,discordant-shared-vardiff,66,novoalign,gkno,66
191,novoalign gkno,freebayes,snp,discordant-shared-hethom,1302,novoalign,gkno,1302
192,novoalign gkno,freebayes,snp,discordant-shared-total,1368,novoalign,gkno,1368
193,novoalign gkno,freebayes,snp,discordant-extra-error-prone,5,novoalign,gkno,5
194,novoalign gkno,freebayes,snp,discordant-extra-repeat,83,novoalign,gkno,83
195,novoalign gkno,freebayes,snp,discordant-extra-other,264,novoalign,gkno,264
196,novoalign gkno,freebayes,snp,discordant-extra-low-coverage,637,novoalign,gkno,637
197,novoalign gkno,freebayes,snp,discordant-extra-total,989,novoalign,gkno,989
198,novoalign gkno,freebayes,snp,discordant-missing-error-prone,1,novoalign,gkno,1
199,novoalign gkno,freebayes,snp,discordant-missing-repeat,260,novoalign,gkno,260
200,novoalign gkno,freebayes,snp,discordant-missing-other,493,novoalign,gkno,493
201,novoalign gkno,freebayes,snp,discordant-missing-low-coverage,2065,novoalign,gkno,2065
202,novoalign gkno,freebayes,snp,discordant-missing-total,2819,novoalign,gkno,2819
203,novoalign gkno,freebayes,indel,discordant-shared-vardiff,749,novoalign,gkno,749
204,novoalign gkno,freebayes,indel,discordant-shared-hethom,339,novoalign,gkno,339
205,novoalign gkno,freebayes,indel,discordant-shared-total,1088,novoalign,gkno,1088
206,novoalign gkno,freebayes,indel,discordant-missing-error-prone,6,novoalign,gkno,6
207,novoalign gkno,freebayes,indel,discordant-missing-other,284,novoalign,gkno,284
208,novoalign gkno,freebayes,indel,discordant-missing-low-coverage,629,novoalign,gkno,629
209,novoalign gkno,freebayes,indel,discordant-missing-repeat,247,novoalign,gkno,247
210,novoalign gkno,freebayes,indel,discordant-missing-total,1166,novoalign,gkno,1166
211,novoalign gkno,freebayes,indel,discordant-extra-repeat,109,novoalign,gkno,109
212,novoalign gkno,freebayes,indel,discordant-extra-other,159,novoalign,gkno,159
213,novoalign gkno,freebayes,indel,discordant-extra-low-coverage,228,novoalign,gkno,228
214,novoalign gkno,freebayes,indel,discordant-extra-total,496,novoalign,gkno,496
215,novoalign gkno,gatk-haplotype,snp,concordant,72428,novoalign,gkno,2428
216,novoalign gkno,gatk-haplotype,indel,concordant,5496,novoalign,gkno,5496
217,novoalign gkno,gatk-haplotype,snp,discordant-shared-vardiff,29,novoalign,gkno,29
218,novoalign gkno,gatk-haplotype,snp,discordant-shared-hethom,1705,novoalign,gkno,1705
219,novoalign gkno,gatk-haplotype,snp,discordant-shared-total,1734,novoalign,gkno,1734
220,novoalign gkno,gatk-haplotype,snp,discordant-extra-other,323,novoalign,gkno,323
221,novoalign gkno,gatk-haplotype,snp,discordant-extra-low-coverage,12,novoalign,gkno,12
222,novoalign gkno,gatk-haplotype,snp,discordant-extra-repeat,90,novoalign,gkno,90
223,novoalign gkno,gatk-haplotype,snp,discordant-extra-total,425,novoalign,gkno,425
224,novoalign gkno,gatk-haplotype,snp,discordant-missing-error-prone,4,novoalign,gkno,4
225,novoalign gkno,gatk-haplotype,snp,discordant-missing-repeat,402,novoalign,gkno,402
226,novoalign gkno,gatk-haplotype,snp,discordant-missing-other,815,novoalign,gkno,815
227,novoalign gkno,gatk-haplotype,snp,discordant-missing-low-coverage,6077,novoalign,gkno,6077
228,novoalign gkno,gatk-haplotype,snp,discordant-missing-total,7298,novoalign,gkno,7298
229,novoalign gkno,gatk-haplotype,indel,discordant-shared-vardiff,616,novoalign,gkno,616
230,novoalign gkno,gatk-haplotype,indel,discordant-shared-hethom,212,novoalign,gkno,212
231,novoalign gkno,gatk-haplotype,indel,discordant-shared-total,828,novoalign,gkno,828
232,novoalign gkno,gatk-haplotype,indel,discordant-missing-error-prone,3,novoalign,gkno,3
233,novoalign gkno,gatk-haplotype,indel,discordant-missing-repeat,189,novoalign,gkno,189
234,novoalign gkno,gatk-haplotype,indel,discordant-missing-other,229,novoalign,gkno,229
235,novoalign gkno,gatk-haplotype,indel,discordant-missing-low-coverage,959,novoalign,gkno,959
236,novoalign gkno,gatk-haplotype,indel,discordant-missing-total,1380,novoalign,gkno,1380
237,novoalign gkno,gatk-haplotype,indel,discordant-extra-error-prone,3,novoalign,gkno,3
238,novoalign gkno,gatk-haplotype,indel,discordant-extra-other,133,novoalign,gkno,133
239,novoalign gkno,gatk-haplotype,indel,discordant-extra-low-coverage,53,novoalign,gkno,53
240,novoalign gkno,gatk-haplotype,indel,discordant-extra-repeat,103,novoalign,gkno,103
241,novoalign gkno,gatk-haplotype,indel,discordant-extra-total,292,novoalign,gkno,292
242,bwa gkno,gatk,snp,concordant,76892,bwa,gkno,6892
243,bwa gkno,gatk,indel,concordant,4702,bwa,gkno,4702
244,bwa gkno,gatk,snp,discordant-shared-vardiff,55,bwa,gkno,55
245,bwa gkno,gatk,snp,discordant-shared-hethom,1547,bwa,gkno,1547
246,bwa gkno,gatk,snp,discordant-shared-total,1602,bwa,gkno,1602
247,bwa gkno,gatk,snp,discordant-missing-error-prone,3,bwa,gkno,3
248,bwa gkno,gatk,snp,discordant-missing-repeat,419,bwa,gkno,419
249,bwa gkno,gatk,snp,discordant-missing-other,1052,bwa,gkno,1052
250,bwa gkno,gatk,snp,discordant-missing-low-coverage,2612,bwa,gkno,2612
251,bwa gkno,gatk,snp,discordant-missing-total,4086,bwa,gkno,4086
252,bwa gkno,gatk,snp,discordant-extra-repeat,76,bwa,gkno,76
253,bwa gkno,gatk,snp,discordant-extra-other,203,bwa,gkno,203
254,bwa gkno,gatk,snp,discordant-extra-low-coverage,65,bwa,gkno,65
255,bwa gkno,gatk,snp,discordant-extra-total,344,bwa,gkno,344
256,bwa gkno,gatk,indel,discordant-shared-vardiff,692,bwa,gkno,692
257,bwa gkno,gatk,indel,discordant-shared-hethom,186,bwa,gkno,186
258,bwa gkno,gatk,indel,discordant-shared-total,878,bwa,gkno,878
259,bwa gkno,gatk,indel,discordant-extra-error-prone,1,bwa,gkno,1
260,bwa gkno,gatk,indel,discordant-extra-other,141,bwa,gkno,141
261,bwa gkno,gatk,indel,discordant-extra-low-coverage,6,bwa,gkno,6
262,bwa gkno,gatk,indel,discordant-extra-repeat,98,bwa,gkno,98
263,bwa gkno,gatk,indel,discordant-extra-total,246,bwa,gkno,246
264,bwa gkno,gatk,indel,discordant-missing-error-prone,7,bwa,gkno,7
265,bwa gkno,gatk,indel,discordant-missing-other,470,bwa,gkno,470
266,bwa gkno,gatk,indel,discordant-missing-low-coverage,1396,bwa,gkno,1396
267,bwa gkno,gatk,indel,discordant-missing-repeat,338,bwa,gkno,338
268,bwa gkno,gatk,indel,discordant-missing-total,2211,bwa,gkno,2211
269,bwa gkno,freebayes,snp,concordant,78489,bwa,gkno,8489
270,bwa gkno,freebayes,indel,concordant,5588,bwa,gkno,5588
271,bwa gkno,freebayes,snp,discordant-shared-vardiff,68,bwa,gkno,68
272,bwa gkno,freebayes,snp,discordant-shared-hethom,1464,bwa,gkno,1464
273,bwa gkno,freebayes,snp,discordant-shared-total,1532,bwa,gkno,1532
274,bwa gkno,freebayes,snp,discordant-extra-error-prone,8,bwa,gkno,8
275,bwa gkno,freebayes,snp,discordant-extra-repeat,74,bwa,gkno,74
276,bwa gkno,freebayes,snp,discordant-extra-other,277,bwa,gkno,277
277,bwa gkno,freebayes,snp,discordant-extra-low-coverage,725,bwa,gkno,725
278,bwa gkno,freebayes,snp,discordant-extra-total,1084,bwa,gkno,1084
279,bwa gkno,freebayes,snp,discordant-missing-error-prone,1,bwa,gkno,1
280,bwa gkno,freebayes,snp,discordant-missing-repeat,250,bwa,gkno,250
281,bwa gkno,freebayes,snp,discordant-missing-other,455,bwa,gkno,455
282,bwa gkno,freebayes,snp,discordant-missing-low-coverage,1865,bwa,gkno,1865
283,bwa gkno,freebayes,snp,discordant-missing-total,2571,bwa,gkno,2571
284,bwa gkno,freebayes,indel,discordant-shared-vardiff,746,bwa,gkno,746
285,bwa gkno,freebayes,indel,discordant-shared-hethom,350,bwa,gkno,350
286,bwa gkno,freebayes,indel,discordant-shared-total,1096,bwa,gkno,1096
287,bwa gkno,freebayes,indel,discordant-missing-error-prone,8,bwa,gkno,8
288,bwa gkno,freebayes,indel,discordant-missing-other,292,bwa,gkno,292
289,bwa gkno,freebayes,indel,discordant-missing-low-coverage,589,bwa,gkno,589
290,bwa gkno,freebayes,indel,discordant-missing-repeat,245,bwa,gkno,245
291,bwa gkno,freebayes,indel,discordant-missing-total,1134,bwa,gkno,1134
292,bwa gkno,freebayes,indel,discordant-extra-other,155,bwa,gkno,155
293,bwa gkno,freebayes,indel,discordant-extra-low-coverage,245,bwa,gkno,245
294,bwa gkno,freebayes,indel,discordant-extra-repeat,140,bwa,gkno,140
295,bwa gkno,freebayes,indel,discordant-extra-total,540,bwa,gkno,540
296,bwa gkno,gatk-haplotype,snp,concordant,72681,bwa,gkno,2681
297,bwa gkno,gatk-haplotype,indel,concordant,5519,bwa,gkno,5519
298,bwa gkno,gatk-haplotype,snp,discordant-shared-vardiff,29,bwa,gkno,29
299,bwa gkno,gatk-haplotype,snp,discordant-shared-hethom,1748,bwa,gkno,1748
300,bwa gkno,gatk-haplotype,snp,discordant-shared-total,1777,bwa,gkno,1777
301,bwa gkno,gatk-haplotype,snp,discordant-extra-other,230,bwa,gkno,230
302,bwa gkno,gatk-haplotype,snp,discordant-extra-low-coverage,18,bwa,gkno,18
303,bwa gkno,gatk-haplotype,snp,discordant-extra-repeat,33,bwa,gkno,33
304,bwa gkno,gatk-haplotype,snp,discordant-extra-total,281,bwa,gkno,281
305,bwa gkno,gatk-haplotype,snp,discordant-missing-error-prone,9,bwa,gkno,9
306,bwa gkno,gatk-haplotype,snp,discordant-missing-repeat,449,bwa,gkno,449
307,bwa gkno,gatk-haplotype,snp,discordant-missing-other,1032,bwa,gkno,1032
308,bwa gkno,gatk-haplotype,snp,discordant-missing-low-coverage,6607,bwa,gkno,6607
309,bwa gkno,gatk-haplotype,snp,discordant-missing-total,8097,bwa,gkno,8097
310,bwa gkno,gatk-haplotype,indel,discordant-shared-vardiff,621,bwa,gkno,621
311,bwa gkno,gatk-haplotype,indel,discordant-shared-hethom,202,bwa,gkno,202
312,bwa gkno,gatk-haplotype,indel,discordant-shared-total,823,bwa,gkno,823
313,bwa gkno,gatk-haplotype,indel,discordant-extra-error-prone,2,bwa,gkno,2
314,bwa gkno,gatk-haplotype,indel,discordant-extra-other,129,bwa,gkno,129
315,bwa gkno,gatk-haplotype,indel,discordant-extra-low-coverage,53,bwa,gkno,53
316,bwa gkno,gatk-haplotype,indel,discordant-extra-repeat,91,bwa,gkno,91
317,bwa gkno,gatk-haplotype,indel,discordant-extra-total,275,bwa,gkno,275
318,bwa gkno,gatk-haplotype,indel,discordant-missing-error-prone,3,bwa,gkno,3
319,bwa gkno,gatk-haplotype,indel,discordant-missing-repeat,199,bwa,gkno,199
320,bwa gkno,gatk-haplotype,indel,discordant-missing-other,257,bwa,gkno,257
321,bwa gkno,gatk-haplotype,indel,discordant-missing-low-coverage,936,bwa,gkno,936
322,bwa gkno,gatk-haplotype,indel,discordant-missing-total,1395,bwa,gkno,1395
323,Illumina-platinum,,snp,concordant,126526,,,56526
324,Illumina-platinum,,indel,concordant,10939,,,10939
325,Illumina-platinum,,snp,discordant-shared-vardiff,142,,,142
326,Illumina-platinum,,snp,discordant-shared-hethom,131,,,131
327,Illumina-platinum,,snp,discordant-shared-total,273,,,273
328,Illumina-platinum,,snp,discordant-extra-other,183,,,183
329,Illumina-platinum,,snp,discordant-extra-low-coverage,95,,,95
330,Illumina-platinum,,snp,discordant-extra-total,278,,,278
331,Illumina-platinum,,snp,discordant-missing-other,1668,,,1668
332,Illumina-platinum,,snp,discordant-missing-total,1668,,,1668
333,Illumina-platinum,,indel,discordant-shared-vardiff,991,,,991
334,Illumina-platinum,,indel,discordant-shared-hethom,51,,,51
335,Illumina-platinum,,indel,discordant-shared-total,1042,,,1042
336,Illumina-platinum,,indel,discordant-extra-other,527,,,527
337,Illumina-platinum,,indel,discordant-extra-low-coverage,5,,,5
338,Illumina-platinum,,indel,discordant-extra-total,532,,,532
339,Illumina-platinum,,indel,discordant-missing-other,1049,,,1049
340,Illumina-platinum,,indel,discordant-missing-total,1049,,,1049
